Hid;ln
4579100;2741
4579300;1388
4579400;4055
4579500;2231
4579700;2928
4580000;4594
4580300;7499
4580400;4922
4580500;4486
4580700;3616
4581200;1231
4582400;7313
4582500;8633
4582600;2908
4583100;1
4583200;3227
4583300;303
4583800;8219
4584100;395
4584200;3132
4584300;1162
4584400;7992
4584600;8082
4584900;8890
4585100;6588
4585300;8291
4585600;7356
4585700;4428
4585800;7005
4586000;1419
4586800;2640
4587000;4194
4588200;5715
4588300;2900
4588800;7448
4589100;4811
4589200;78
4589300;8982
4589400;6421
4590100;1722
4590300;4369
4590500;7558
4590800;853
4591000;2424
4591200;7640
4591500;4173
4591900;3897
4591901;7029
4592000;1880
4592400;7252
4592401;342
4592900;3758
4593300;5684
4593800;7595
4594300;4495
4594400;3308
4594500;33
4594600;6828
4594900;3608
4595400;1289
4595700;3423
4595900;7463
4596000;4204
4596300;4843
4596400;5135
4596500;708
4596600;4946
4596800;4142
4597100;2784
4597200;8133
4597300;2191
4598000;3791
4598100;4692
4598200;6532
4598500;3081
4599300;965
4599600;9259
4599800;2212
4600200;4809
4600300;8943
4600600;674
4600800;1780
4601200;2489
4601900;4392
4602000;3357
4602800;1963
4602900;1936
4603000;5078
4603100;996
4603200;1785
4603300;6395
4603400;6038
4603700;5048
4603900;7587
4604100;3696
4604200;5421
4604400;663
4604500;4439
4604900;3887
4605500;808
4605600;2614
4605800;9244
4605900;8449
4606100;4408
4606500;2630
4606800;632
4607000;5567
4607100;2492
4607300;6415
4607500;175
4607600;4094
4608200;7747
4608400;7239
4608800;7748
4609100;3437
4609200;5542
4609600;558
4609900;8267
4610000;1982
4610500;1641
4610800;2480
4611100;857
4611600;5690
4611700;15
4611701;655
4611702;7144
4611900;1732
4612000;2726
4612100;4314
4612500;3975
4612600;120
4613100;7605
4613200;3698
4613600;8848
4613700;2758
4613900;9004
4614000;489
4614100;6634
4614800;378
4614900;7093
4615400;2685
4616000;646
4616100;5989
4616700;6337
4617400;2986
4617700;4768
4617800;6704
4617900;7932
4618400;8231
4618700;3545
4618900;5128
4619000;5470
4619300;4875
4619400;1293
4619500;8878
4620300;6370
4620400;6565
4620500;8463
4620900;980
4621000;1194
4621100;2802
4621200;744
4621201;2881
4621300;4807
4622200;5464
4622300;1230
4624100;7743
4624500;1847
4625000;5417
4625100;2184
4625200;5322
4625400;963
4625800;113
4626100;6218
4626101;1668
4626200;7309
4626300;564
4626400;2411
4626500;8739
4626600;8
4627000;5476
4627100;1619
4627300;3829
4627500;1417
4627700;8575
4627701;7981
4627900;3296
4628100;1258
4628600;438
4628800;6803
4629200;2112
4630200;4279
4630300;3793
4631600;6728
4632100;1508
4632200;3292
4632300;5252
4632400;5087
4632800;9060
4632900;496
4633000;1096
4633700;2088
4633900;288
4634100;124
4634200;839
4634400;3191
4634600;6346
4634800;8414
4635400;585
4635500;6685
4635501;7744
4635600;6488
4635800;7260
4636200;6495
4636300;5424
4636301;8097
4636600;7481
4637000;7017
4637100;2918
4637300;6247
4637500;5173
4637600;6648
4637700;466
4638200;677
4638300;8870
4638500;3078
4639200;1547
4639700;7420
4639800;907
4640000;5887
4640100;3731
4640400;2064
4641200;8773
4641300;294
4641900;5965
4642400;5935
4642800;8872
4643100;1564
4643300;3412
4643400;3942
4643600;2660
4644400;4397
4644500;601
4644600;825
4645000;4964
4645100;563
4645300;8018
4645400;1170
4645500;4609
4647000;3539
4647200;1415
4647300;6021
4647701;7222
4648000;7857
4648800;7125
4648900;5590
4649200;5433
4649300;9050
4649400;6250
4649500;406
4649600;3876
4649700;5607
4650000;8572
4650300;3558
4650500;3144
4650800;5394
4651200;6679
4651400;7219
4651500;1256
4651900;8604
4652200;2775
4652400;1738
4652800;1361
4653000;5566
4653001;3438
4653100;8537
4653200;623
4653400;1110
4653500;6595
4653600;6703
4653700;2355
4653800;5302
4654100;5056
4654600;2453
4654800;1959
4655200;7822
4655400;1333
4655800;8690
4656200;1199
4656400;3297
4656500;6953
4656600;2397
4656700;4892
4657100;4648
4658000;3391
4658200;418
4658400;5194
4658900;1283
4659100;4135
4659200;6384
4659300;3613
4659400;39
4659500;2464
4659600;8760
4659700;3761
4659800;6180
4660000;3053
4660400;3813
4660500;5918
4660600;3228
4661100;8221
4661600;2944
4661900;86
4662000;937
4662700;6975
4662900;5833
4663300;1596
4663400;4000
4663900;6117
4663902;8487
4664400;6210
4664600;3274
4664800;3265
4665000;7775
4665300;1272
4665600;8258
4665700;5828
4665900;3605
4666700;5664
4666900;6133
4667000;8624
4667100;760
4667200;40
4667500;954
4667800;2155
4668000;3595
4668300;7018
4669100;698
4669400;2432
4669500;7491
4669800;157
4670000;6348
4670100;2671
4670200;1877
4670900;6896
4671000;5886
4671500;1510
4671600;8619
4672000;2963
4672100;4119
4672200;8516
4672300;6233
4672500;1157
4672600;7627
4672700;6853
4672800;1391
4672900;8716
4673200;7880
4673501;7895
4673900;4804
4674400;8772
4674500;1066
4675300;1702
4675400;2846
4675600;3149
4675700;8582
4675701;7272
4676500;4736
4676700;8279
4677000;2384
4677100;3728
4677200;4363
4677300;4801
4677800;6430
4678000;2897
4678100;4019
4678400;3206
4678600;2227
4678700;2449
4679000;1468
4679200;3442
4679400;8213
4679800;7146
4679900;6698
4680100;1374
4680200;1792
4680500;6904
4680600;521
4680700;4506
4681000;1925
4681300;5319
4681500;8090
4682000;8284
4682300;167
4683000;5453
4683100;1129
4683300;4543
4683400;7654
4683700;7052
4683800;1861
4683900;887
4684300;7386
4684700;4246
4684800;3810
4684900;4023
4685100;8274
4685200;3004
4685300;2535
4685500;7808
4685600;7668
4686000;6878
4686200;4514
4686300;9265
4686800;6955
4687100;5457
4687300;228
4687800;2460
4688800;81
4688801;8390
4688900;6296
4689000;6965
4689100;8199
4689200;3122
4689400;4622
4689600;2570
4690000;6586
4690200;4642
4690300;41
4690800;5399
4691000;5614
4691200;7845
4691500;1119
4691600;4539
4691800;4984
4691900;4100
4692200;8215
4692300;2824
4692400;2133
4692600;8399
4692601;6020
4692900;4341
4693300;5016
4693400;3721
4694300;4231
4694600;2120
4694800;3932
4695400;5189
4695600;3512
4695900;5977
4696100;2434
4696200;6558
4696201;3029
4696900;7583
4697200;3179
4697600;5314
4697700;2589
4698000;3602
4698300;4344
4698400;1799
4698500;4662
4698600;7103
4699000;1710
4699500;7710
4699600;2933
4699800;6263
4699801;45
4700000;6799
4700100;328
4700200;3612
4700300;1695
4700800;6012
4700801;651
4700900;8171
4701000;5927
4701100;408
4701200;2567
4701300;4776
4701700;3099
4702000;7467
4702100;8777
4702200;7556
4702300;1009
4702500;1831
4702800;2222
4703700;2030
4704000;7112
4704200;6647
4704300;1344
4704600;9089
4704700;6347
4705000;1227
4705200;278
4705300;7040
4705900;6014
4706000;9135
4707300;72
4707900;4796
4708100;5534
4708300;5262
4708700;6501
4708900;8020
4709500;5864
4710200;6127
4710500;7703
4710700;4002
4711200;3300
4711300;5171
4711500;6157
4711800;2420
4712000;220
4712400;4122
4712500;5387
4712800;8983
4713400;6465
4713700;2431
4713800;6680
4713900;8417
4714000;7999
4714300;2256
4714900;5751
4715200;4375
4715201;84
4715400;3599
4715500;5577
4715800;6447
4715900;2989
4716100;3853
4716300;232
4716400;8240
4716500;7011
4716700;9195
4717700;2627
4717900;4958
4718100;2615
4718400;6978
4718500;357
4718800;1584
4718900;4137
4719100;7991
4719300;2271
4719600;3496
4719700;3238
4720200;4584
4720600;7768
4720700;763
4721000;9105
4721200;9256
4721300;8815
4721400;6915
4721800;4180
4722000;3707
4722100;6489
4722200;3901
4722500;1614
4722700;7399
4723000;930
4723200;6784
4723600;8493
4723900;579
4724000;6156
4724500;2083
4724900;2731
4725000;8285
4725200;2195
4725500;7839
4725800;7667
4726400;1507
4726600;847
4726700;7740
4726900;508
4727000;3719
4727300;4799
4728600;6590
4728900;657
4729000;8046
4729300;5334
4729800;8559
4730500;6034
4730800;5537
4731400;5330
4731500;30
4732500;7541
4732600;7019
4732800;3525
4733200;6036
4733500;1390
4734200;6894
4734500;2093
4734800;5689
4734900;7753
4735500;7714
4735700;856
4736000;3774
4736100;7752
4736400;7065
4736500;8043
4736700;176
4736800;1568
4737000;7310
4737400;3371
4737600;2582
4738400;3654
4738600;7831
4739200;2695
4739300;2592
4740100;6949
4740800;935
4740900;8895
4741000;1566
4741300;5931
4741400;6460
4742400;1787
4742900;6526
4743000;4353
4743100;1447
4743200;3454
4743400;6016
4743500;4380
4743800;5162
4744100;8630
4744600;1683
4744800;8745
4745000;860
4745100;855
4745300;1704
4745900;3814
4746100;5954
4746500;8852
4746600;5088
4746900;7508
4747100;2223
4747200;5809
4747400;6457
4747700;8585
4747800;2243
4748100;6841
4748400;6406
4749500;3816
4749700;2902
4750000;1682
4750200;7688
4750700;7245
4751100;7962
4751200;2633
4751300;4598
4751600;4487
4751800;4061
4752100;6535
4752300;3916
4753600;8176
4753700;54
4754000;1401
4754200;8791
4754400;4918
4754500;498
4754600;969
4754900;5707
4755000;6002
4755500;6901
4755800;3403
4755900;4566
4756000;5556
4757300;4010
4758200;559
4758300;6783
4758400;7238
4758500;989
4758700;8202
4758900;2277
4759400;3892
4760000;8147
4760400;673
4760500;8476
4760600;919
4760800;1813
4760900;6895
4761300;7975
4761600;5734
4762000;2956
4762100;9232
4762200;4399
4762201;6222
4762300;574
4762600;2390
4762800;1198
4763200;4532
4763300;2529
4763700;7635
4764000;5359
4764400;2733
4764500;5280
4764900;6580
4765500;9150
4765800;9157
4766000;7730
4767100;6721
4767600;732
4767800;7408
4767801;4059
4768500;541
4768600;9253
4768700;3685
4769200;3267
4769400;6043
4769700;5206
4770000;9168
4770300;6670
4770500;6280
4770600;741
4770900;2764
4771300;7099
4771800;8564
4772000;6211
4772600;241
4772800;8591
4773000;676
4773100;6547
4773800;3342
4774300;7504
4774800;5213
4775000;9083
4775600;9020
4775900;5345
4776500;6682
4776700;773
4776800;8556
4777100;4942
4778500;4118
4778800;5795
4778900;7230
4779101;3828
4779300;365
4779400;1011
4779600;4166
4780100;8711
4780300;1724
4780800;4196
4781200;2316
4781500;5894
4781700;7577
4782300;4217
4782600;1633
4782700;1007
4783100;384
4783300;748
4784000;8467
4784100;5235
4784500;4236
4784800;7809
4784900;7902
4785000;5536
4785100;8570
4785300;2102
4785500;5666
4785600;8184
4785700;7918
4785900;4674
4786100;7940
4786200;2699
4786201;2890
4786300;891
4786400;8988
4786800;354
4787200;6944
4787500;368
4787600;3919
4788400;3372
4788500;8606
4788600;391
4788700;7817
4789400;8766
4789700;6289
4790000;4981
4790100;2097
4790200;46
4790500;6220
4790700;6569
4790800;1900
4791200;4317
4791300;2551
4791400;2832
4791600;7131
4792100;3909
4792200;728
4792300;95
4792600;4080
4792800;7929
4793800;5014
4794300;2017
4794600;1916
4795200;6120
4795500;565
4795700;4766
4796400;4615
4796800;583
4797100;1343
4797700;7178
4798000;3019
4798800;8450
4799100;1132
4799600;1308
4799900;7815
4800800;6054
4801100;7663
4801300;6494
4801500;8951
4801800;6094
4802100;1942
4802200;5428
4802300;6206
4802500;5686
4803300;2765
4803600;5594
4804300;8436
4804400;550
4804500;3818
4805200;1952
4805500;8644
4806600;6802
4807000;223
4807100;6738
4807500;2624
4807600;311
4807601;6243
4807900;4941
4808100;5255
4808600;8962
4808800;7834
4809000;7770
4809200;6962
4809600;5652
4809700;7405
4809900;9215
4810100;5861
4810200;2611
4810400;1762
4810600;1317
4810800;5221
4811000;6577
4811100;1022
4811400;6203
4811600;9043
4811800;490
4812700;37
4812800;6517
4813000;582
4813600;6661
4813800;3683
4813900;1373
4814300;712
4814500;6251
4814900;2122
4815000;5336
4815100;1180
4815600;2533
4815900;1839
4816000;5415
4816200;1285
4816900;6318
4816901;7985
4817200;6758
4817201;5923
4817202;5841
4817800;2193
4818600;6063
4819000;3154
4819300;6115
4820300;3396
4820301;5149
4820800;3657
4820900;7650
4821100;4553
4821200;8276
4821300;1579
4822100;5230
4822400;3038
4822600;1448
4822800;2123
4823200;4890
4823900;2103
4824400;6667
4824900;7002
4825100;3091
4825500;3298
4825600;6964
4826000;1744
4826200;3737
4826400;5437
4826500;5152
4827000;2808
4827100;2281
4827500;6752
4827800;7612
4828000;8161
4828500;6113
4829100;8172
4829300;3601
4829400;5499
4829700;5217
4829800;4031
4829900;6512
4830000;5851
4830900;5025
4831200;6164
4831300;5225
4831400;7889
4831500;985
4831600;8022
4832000;818
4832200;979
4832600;6177
4833000;6138
4833300;4898
4833500;2255
4833700;1769
4833800;2706
4834200;8380
4834300;4272
4834400;5916
4834800;3586
4834900;1989
4835100;1938
4835300;3882
4835500;6241
4835800;886
4836100;2181
4836200;6952
4836400;8535
4836700;1686
4837300;6257
4837400;2330
4837600;5145
4837900;5710
4838100;1046
4838600;2063
4838700;1949
4838800;1229
4838900;7074
4839100;4321
4839300;4230
4841000;6426
4841100;7854
4842200;8568
4842500;1879
4843200;1898
4843300;5258
4843500;8238
4843600;7534
4843800;4072
4844000;2826
4844200;3373
4844300;6731
4844400;2619
4844600;2467
4844700;2761
4844800;7562
4844900;9193
4845000;4608
4845300;2023
4845700;7196
4845900;6579
4846000;1117
4846200;3714
4846300;3260
4846400;5619
4846500;4628
4846900;7035
4847000;7716
4847300;7229
4847700;2132
4848000;3831
4848100;3835
4848400;8818
4848500;4778
4848700;8201
4849500;9030
4849600;9138
4849700;1745
4849900;5377
4850100;9091
4850200;6312
4850300;1449
4850500;903
4850600;4132
4850700;1321
4851000;6662
4851200;216
4851300;205
4851800;654
4852200;3153
4852400;9218
4852600;5043
4852900;6941
4853300;8605
4854100;203
4854200;5093
4854600;5805
4854800;5000
4854900;7951
4855300;6706
4855800;1677
4856000;1244
4856200;478
4856900;4613
4857000;164
4857300;5911
4857600;3635
4858200;8462
4858300;2830
4858600;321
4858700;2585
4858800;9144
4859700;7301
4859800;1212
4859900;8398
4860000;3915
4860100;5400
4860300;8932
4861000;3062
4861200;8573
4861700;8762
4861701;514
4862100;2725
4862200;8305
4862300;4969
4862500;8481
4862800;7549
4863200;4063
4863300;7362
4863400;1082
4863500;5313
4863600;4876
4864000;5297
4864200;7725
4864400;2196
4864600;6620
4864700;2801
4864701;3584
4865300;3103
4865500;2142
4865600;2052
4865602;940
4865800;6216
4865900;947
4866000;8778
4866100;4790
4866600;7235
4866700;5649
4866702;4722
4866800;4153
4866900;8612
4867100;9101
4867800;987
4867801;8595
4868100;5419
4868200;4867
4868201;1243
4868700;8775
4868900;1467
4869000;1856
4869500;1511
4869800;8771
4870500;584
4870600;4835
4871100;6109
4871400;9137
4871700;3202
4872500;4834
4873300;1875
4873700;2293
4873900;7267
4874000;6393
4874100;3688
4874200;7820
4874300;3576
4874600;5527
4874900;4847
4875100;5807
4875400;1445
4875600;9034
4875900;2980
4876100;2945
4877000;2804
4877400;7429
4877500;7214
4877700;56
4877800;6185
4877900;3150
4878300;7945
4878301;1913
4878600;845
4878800;3869
4879100;3229
4879200;9159
4879500;5169
4879900;4139
4880000;9019
4880300;7478
4880600;2252
4880700;3765
4880900;4750
4881200;7447
4881600;3127
4881700;5253
4882200;6806
4882400;5813
4882500;1406
4882800;2040
4882900;683
4883000;1917
4883100;5587
4883200;4965
4883300;3253
4883700;80
4883900;2549
4884200;3611
4884500;4901
4884700;2004
4884800;8486
4885200;7006
4885600;1707
4885700;3254
4885800;7492
4885900;1740
4886100;6439
4886300;5796
4886500;949
4886700;6025
4887000;2885
4887100;271
4887500;6022
4887700;4066
4888100;4084
4888700;6268
4889000;1503
4889200;3985
4889600;910
4889700;2692
4889800;331
4889900;2961
4890200;4291
4890600;3974
4890700;999
4890900;305
4891100;2495
4891400;7165
4891500;108
4891600;8961
4891800;8478
4892100;8016
4892200;6446
4892400;7358
4892500;6712
4892900;656
4893100;8623
4893600;8183
4893700;6520
4893800;6463
4894000;8674
4894100;1973
4894200;9153
4894300;6929
4894700;2553
4894800;5924
4895100;5471
4895700;4133
4896000;7159
4896400;2528
4896700;292
4897300;3937
4897500;7791
4897900;298
4898200;8654
4898500;6193
4898600;2146
4898700;8991
4898900;8972
4899700;3996
4900600;5239
4901000;600
4901300;7713
4901500;998
4902200;9013
4902400;6811
4904200;386
4904300;2216
4904500;3452
4904600;5473
4904700;534
4905500;1800
4905700;4339
4905800;4601
4906100;5966
4906500;5055
4906501;6440
4906900;5901
4907000;3282
4907100;6114
4907300;9158
4907600;3047
4908800;613
4909100;2770
4909300;5242
4909600;363
4909800;7980
4909900;5296
4910000;6976
4910400;2607
4910800;5872
4910802;5606
4911600;3610
4911800;4738
4911900;1395
4912100;3108
4912300;2367
4912500;3194
4912900;4522
4913200;1026
4913500;3065
4913900;2205
4914300;2417
4914500;488
4914900;2368
4916300;3450
4916900;787
4917400;6700
4917700;2512
4917800;4983
4918200;8684
4919200;8207
4919800;4771
4920300;5508
4920400;5176
4920600;1471
4921300;5263
4921400;2959
4921500;9269
4922100;174
4922500;824
4923000;7913
4923900;4387
4924300;4160
4925000;3012
4925100;5299
4925400;7741
4925500;1768
4925700;7935
4925800;944
4925900;2228
4926200;7611
4926300;1751
4926400;8887
4926500;5275
4926600;3917
4926700;6314
4926900;3463
4927700;695
4928000;1068
4928400;537
4928700;2680
4928800;5274
4929000;8369
4929100;642
4929200;8260
4929300;3529
4929400;7106
4929600;5681
4929800;3106
4930300;6645
4930500;7825
4930700;7298
4930800;4888
4930900;7890
4931100;7110
4931300;1279
4931600;2275
4946100;8416
4946300;6087
4946400;6124
4946700;8196
4947200;5444
4947500;1431
4949500;2174
4949501;799
4949600;9069
4950500;8346
4950800;8189
4951600;988
4953300;3472
4953500;8592
4953600;8855
4953700;4116
4953800;1483
4954200;1574
4954300;7232
4954600;2939
4954800;6065
4956200;7526
4956300;8410
4956400;3008
4956500;6735
4956601;9139
4956800;8506
4957100;6072
4957200;6409
4957300;3886
4957600;5605
4957900;506
4958100;3674
4958500;4845
4958800;6028
4958900;5810
4959100;6118
4959300;8062
4959600;4520
4959800;3508
4960000;6398
4960100;7594
4960200;1136
4960300;3642
4960600;548
4960800;4971
4960900;3896
4961500;4462
4962100;1960
4962500;259
4962700;5142
4962900;8977
4963200;2850
4963201;7283
4963600;8328
4964000;7646
4964300;8727
4964400;6905
4964500;4910
4964800;5731
4964900;3040
4965200;2527
4965500;1882
4965600;7722
4965800;8251
4966100;6609
4966700;8061
4966800;2727
4966900;4081
4967000;1100
4967400;6244
4967500;3792
4967600;7038
4968100;3568
4969100;6252
4969700;2818
4969800;6618
4969900;1990
4970200;3098
4970400;8002
4970500;3393
4971000;2917
4971700;8370
4971800;6826
4971900;6711
4972000;4378
4972300;1043
4972700;7736
4972900;3804
4973100;6168
4973700;3579
4974300;3252
4974400;6623
4974500;3832
4974700;2161
4975300;5631
4975500;1233
4975700;8693
4975900;4698
4976000;1533
4976300;103
4976600;3723
4977000;9246
4977100;3128
4977200;375
4977300;3912
4977700;687
4977800;5245
4978000;470
4978100;505
4978400;3659
4978700;8320
4978900;3505
4979000;6831
4979100;3159
4979200;6524
4979900;1628
4980000;486
4980100;5893
4980600;7169
4980800;3970
4980900;1883
4981600;8021
4982000;3155
4982300;1910
4982400;6516
4982600;961
4983600;477
4983700;2742
4984300;2247
4984400;7973
4984500;6417
4984900;1437
4985200;8359
4985400;5754
4986000;4694
4986500;8868
4986600;7397
4987000;4515
4987300;339
4987600;17
4988700;5732
4988800;6687
4989200;6530
4989500;8823
4989600;3697
4989700;1655
4989800;2259
4989900;8755
4990100;8323
4990900;6663
4991000;899
4991100;212
4991200;8400
4991900;6300
4992000;4086
4992100;1667
4992200;6069
4992500;5735
4992600;7192
4992800;5378
4992900;7147
4993000;1254
4993100;5879
4993200;4308
4993300;2470
4993500;2194
4993600;9222
4993700;2668
4994100;2977
4994300;1578
4994900;5196
4995200;1224
4995500;1115
4995700;540
4995800;785
4995900;8758
4996000;8544
4996300;9182
4996400;4982
4996600;1213
4996800;221
4996900;1160
4997700;6490
4997800;1609
4997900;3257
4998300;6306
4998400;2886
4998500;510
4999700;144
4999701;416
5000200;4770
5000300;6714
5000500;3559
5000700;8670
5000800;2744
5001500;7585
5001600;4461
5002400;2285
5002900;327
5003100;4697
5003200;5489
5003500;2380
5003600;7592
5004500;3095
5004600;7896
5004800;1717
5004900;1685
5005000;3142
5005200;2993
5005400;8620
5005500;2302
5005600;8395
5005700;2037
5006000;1339
5006100;1591
5006300;569
5006500;630
5008600;5701
5008800;6995
5009200;5353
5009300;2386
5009500;3250
5009700;4042
5010200;6839
5010300;2322
5010500;5516
5010600;7952
5010700;1348
5011500;7308
5012100;6889
5012500;1983
5012600;970
5012700;8796
5012800;3405
5013100;8666
5013200;5121
5013300;8495
5013600;3259
5013700;3183
5014200;4973
5015500;7698
5015700;7779
5016100;9220
5016200;7209
5016500;7360
5016600;7345
5016900;1387
5017000;4097
5017200;1626
5017400;4332
5017500;4186
5017600;1304
5017700;8843
5018200;5656
5018400;7968
5018600;4596
5018800;6946
5019100;6630
5019300;2221
5019400;2646
5019600;740
5019700;1721
5019800;9081
5019900;5746
5020100;3321
5020500;7505
5021100;1714
5021200;1379
5021400;811
5021600;4284
5022100;6030
5022600;2118
5022800;4224
5023000;6428
5023300;8117
5023500;6678
5023800;6339
5023900;7573
5024300;2186
5025500;6331
5025800;2314
5025900;6198
5026200;3802
5026300;7291
5026400;2459
5026900;425
5026901;73
5027100;5005
5027400;3839
5027500;2361
5027700;3219
5027800;6342
5027900;1608
5028300;1079
5028600;4401
5028800;8404
5029000;3518
5029200;8065
5029600;2059
5029700;1897
5029800;7047
5030900;4755
5031300;736
5031400;2574
5031700;5156
5031800;6358
5031900;7987
5032000;5509
5032100;7285
5032400;7161
5032700;6767
5032800;7620
5032900;7522
5033000;6146
5033300;2922
5033600;5132
5033700;7480
5033900;401
5034200;2966
5034400;5266
5034700;1933
5035500;7798
5035600;193
5035700;1941
5035800;4310
5036100;8158
5036400;1620
5036500;6026
5037200;6273
5037201;479
5037700;5483
5037900;8426
5038000;8326
5038500;3817
5038700;5271
5039400;6390
5039700;7057
5039900;314
5040100;8036
5040600;433
5040700;6513
5041000;3618
5041600;6420
5041700;8779
5041800;5716
5041900;6658
5042000;6993
5042100;9167
5042900;6129
5042901;85
5043000;297
5043500;797
5043900;427
5044000;3982
5044100;9176
5044500;8173
5045000;4027
5045500;7455
5045600;3778
5045900;2608
5046000;8149
5046700;3910
5047000;1241
5047700;34
5047900;2722
5048000;7231
5048100;7683
5048700;9185
5048800;67
5049400;2113
5049600;7917
5049700;7324
5049800;330
5049900;7062
5049901;2907
5050600;8246
5050700;2047
5051000;5042
5051400;4004
5051700;3879
5051800;4548
5052100;4390
5052200;3436
5052300;7761
5052301;5697
5052400;3212
5052901;7425
5053400;8157
5053500;7436
5053600;2893
5053800;6503
5053900;7557
5054100;7152
5054600;2098
5054800;4043
5054900;2167
5055000;3643
5055300;2935
5055800;3843
5056400;7759
5056600;7170
5056700;5846
5056800;177
5057000;1748
5057400;524
5057401;9272
5057500;2357
5057600;7802
5057700;8527
5057900;8226
5058000;875
5058400;2237
5058600;2679
5058700;9075
5059800;6639
5060300;6519
5060400;1920
5060600;5797
5061000;3104
5061200;393
5061300;7220
5061400;6867
5061500;5871
5061900;7814
5062100;671
5062500;3625
5062800;1148
5062900;3416
5063100;1965
5063200;702
5063400;7174
5064000;2286
5064100;2773
5064200;2325
5064400;4202
5064800;6073
5065000;6733
5065100;6705
5065800;4252
5066000;8635
5066100;4529
5066200;5071
5066500;4914
5067500;3182
5068600;1359
5069000;4827
5069400;2418
5069600;6155
5069800;8704
5069801;4544
5070100;3349
5070200;8905
5070600;2903
5070700;7997
5071800;8919
5071900;8165
5072200;5308
5072300;7344
5072700;5004
5073000;7221
5073100;709
5073800;7141
5074100;458
5074400;8214
5075000;7989
5075300;7637
5075600;8001
5075900;7773
5076000;901
5076300;4575
5076700;1921
5077300;5368
5077800;8428
5077900;5543
5078100;3648
5078400;4201
5078900;1776
5079200;1164
5079300;2507
5079400;5134
5080100;5563
5080200;6795
5080300;5080
5080500;526
5081100;436
5081300;360
5081400;6632
5082000;8234
5082500;6849
5082600;7675
5083100;8973
5083600;255
5083900;6122
5084000;5513
5084100;7527
5084500;2206
5084700;8310
5085200;51
5086100;8935
5086200;6322
5086700;8358
5086800;2675
5087800;7805
5088200;1757
5088600;5808
5088900;4345
5089100;6276
5089400;8307
5089800;5408
5090200;2525
5090300;3664
5090600;5583
5090800;5778
5091000;6154
5091001;3902
5091300;8422
5091600;7305
5092000;4614
5092100;371
5093000;8063
5093300;6930
5093400;5976
5093600;5945
5094000;801
5094100;8266
5094500;7606
5094700;4492
5094800;1750
5095100;6076
5095200;4805
5095600;4894
5096000;2732
5096500;6780
5097400;2048
5098000;8283
5098500;7729
5098900;6695
5099000;2571
5099100;8929
5099200;9107
5099300;1734
5099400;5765
5099500;5012
5099700;1735
5100200;3320
5100400;6748
5100500;5355
5100600;2780
5100700;4586
5101000;8427
5101100;8997
5101300;3246
5101500;3045
5101800;3397
5102000;7312
5102200;4955
5102300;4669
5102500;3331
5102600;452
5102601;6362
5102700;2839
5102800;5669
5103000;6621
5103400;727
5103500;1998
5103700;6470
5103800;6957
5104100;7967
5104600;413
5104700;6205
5104800;3383
5105100;821
5105800;7647
5105801;8040
5106900;3671
5107000;6248
5107900;6052
5108000;3464
5108400;8769
5109200;403
5109400;3223
5109500;5678
5109800;3705
5109900;7830
5110000;2373
5110600;3277
5110800;4773
5111000;6344
5111100;4054
5111500;2251
5111600;577
5111700;628
5112100;8501
5112200;4822
5112300;2031
5112400;8104
5112800;8562
5113000;4569
5113100;2337
5113200;6966
5113400;6933
5113500;6798
5113700;7495
5113800;9109
5114500;6522
5114700;7799
5115100;8700
5115200;7532
5116500;47
5116700;5047
5117200;2366
5117400;8756
5118200;3221
5118300;373
5118400;2168
5118500;8686
5118800;8646
5119000;6368
5119300;59
5119600;3786
5120500;4832
5120600;4513
5120700;4758
5121000;3743
5121200;3749
5122600;1537
5122700;5362
5122800;5272
5122801;4979
5122900;2438
5123000;4961
5123100;1346
5123200;315
5123500;9035
5123600;8552
5123900;3082
5124100;3444
5124400;792
5124700;2972
5124800;8162
5124900;2029
5125000;3769
5125500;8884
5125600;6820
5125900;2140
5126500;2203
5126600;5064
5126900;2834
5127000;2718
5127400;6377
5127500;3672
5127800;3715
5128200;699
5129000;1458
5129300;2869
5129500;3992
5129900;4501
5130200;2996
5130300;207
5130500;5329
5130700;8472
5130800;829
5130900;6807
5131200;3359
5131400;4234
5131900;8593
5132300;4465
5132400;6550
5132600;8452
5132700;7901
5132900;2129
5133200;3785
5133600;25
5133700;7972
5134100;5066
5134200;972
5134400;9058
5134600;3102
5134700;1571
5134800;8008
5135000;1098
5135100;959
5135200;2294
5135500;7439
5136000;8245
5136300;4489
5136400;5040
5136700;2807
5136900;8830
5137200;2940
5137300;8288
5137500;8375
5137900;9213
5138300;4265
5138400;7497
5138500;7348
5139200;6996
5139400;1093
5139500;6432
5139700;5692
5140000;4533
5140100;8660
5141600;268
5141700;4210
5141800;3926
5141900;3361
5142000;6341
5142100;6100
5142200;1473
5142900;1386
5143300;336
5143600;902
5144300;390
5144700;6190
5144900;5032
5145100;1092
5145200;4248
5145201;4096
5145300;3046
5145400;8989
5145401;1367
5145500;5321
5145600;3823
5145800;9154
5146100;8576
5146300;528
5146500;156
5146800;7983
5147200;3354
5147400;2295
5147700;3037
5147900;8354
5148000;6172
5148400;7181
5148500;2422
5148700;1491
5149100;4347
5149400;8056
5150000;7184
5150100;4542
5150300;1193
5150400;948
5150600;4156
5151000;2691
5151300;6045
5151700;3401
5152200;1562
5152700;7600
5153200;652
5153500;7781
5153800;1849
5154000;3084
5154100;2626
5154700;8187
5155300;5416
5155500;1455
5155800;4545
5156500;8393
5156600;437
5156700;6779
5156800;5486
5156900;8319
5157000;8891
5157100;2694
5157200;2510
5157300;4477
5157400;6105
5157900;4904
5158300;4568
5158500;9008
5158800;8740
5158900;5624
5159000;9175
5159600;1247
5159800;6468
5159900;3745
5160100;289
5160500;555
5160600;504
5160700;4723
5160900;4817
5160901;9021
5161100;2456
5161500;392
5161900;5987
5162000;130
5162300;844
5162500;208
5162600;8103
5162700;7576
5163300;1806
5163400;5660
5163600;8010
5163900;6972
5164800;8992
5164900;3415
5165100;7897
5165200;2978
5165400;55
5165700;7090
5165800;6256
5166000;9036
5167000;4530
5167400;3192
5167600;2597
5167700;831
5168000;2658
5168100;6638
5168400;383
5168500;3684
5168800;8271
5168900;7472
5169300;4089
5169500;6080
5169700;2728
5169800;234
5169900;8645
5170500;5763
5170600;1939
5170700;6361
5170800;6555
5171000;2219
5171300;3304
5171700;5057
5171800;8934
5172000;7692
5172100;1004
5172500;1638
5172600;1035
5172900;7684
5173200;8220
5173300;2523
5173600;5222
5173800;6005
5173900;2880
5174000;2730
5174100;238
5174200;7369
5174500;4149
5174600;5467
5174700;7070
5175400;3314
5175600;3991
5175700;5898
5176300;2405
5176500;5223
5176700;8984
5177100;8335
5177300;1647
5177800;3199
5178000;2537
5178100;3862
5178400;5603
5178500;3540
5178600;2157
5178800;1580
5178900;4905
5179000;7216
5179100;689
5179200;5180
5179400;8000
5179700;575
5179900;2249
5180400;6394
5180600;1692
5181300;4587
5181400;7409
5181500;5357
5181600;9028
5181800;8708
5182000;612
5182100;5723
5182200;946
5182300;7218
5182400;2925
5182600;4036
5183000;5747
5183200;7164
5183300;1855
5183400;4709
5183600;8862
5184200;5226
5184400;706
5184500;3858
5184700;9126
5184900;7518
5185100;4707
5185200;3107
5185300;7082
5185600;3691
5186000;3290
5186200;7919
5186300;7289
5186400;6473
5186500;4383
5186900;7048
5187200;2308
5187500;3850
5187700;1765
5188000;9251
5188600;4346
5188700;7471
5189000;9046
5189300;432
5189500;4990
5189700;2336
5189800;3
5190000;8009
5190200;7400
5190300;6376
5190800;450
5191000;5507
5191300;3299
5191700;898
5192200;4127
5192600;4037
5192700;5248
5193300;4681
5193301;6053
5193400;7598
5194100;2904
5194200;1962
5194300;3165
5195200;1103
5195300;8702
5195600;6106
5195800;307
5195900;1214
5196100;9165
5196300;3420
5197300;4558
5197500;100
5197700;9113
5198500;172
5198600;8958
5199000;5423
5199100;7656
5199500;7182
5200000;7306
5200100;316
5200300;2226
5200301;7008
5200600;5694
5200700;7543
5200701;4099
5201100;3358
5201300;7136
5201400;2584
5201500;6855
5201700;8587
5201800;8706
5202100;325
5202200;7452
5202300;2089
5202500;5906
5202600;5885
5203300;7782
5203500;3101
5203800;3330
5203900;7625
5204000;6119
5204100;3507
5204300;8912
5204700;3998
5204900;5243
5205100;7377
5205200;8124
5205300;3002
5205800;662
5206000;6736
5206300;1166
5206400;862
5206600;3162
5206900;8254
5207200;7853
5207600;4469
5207700;995
5207900;717
5208000;135
5208100;2341
5208300;5788
5208600;151
5209000;6239
5209100;6746
5209200;9146
5209300;6101
5209600;3690
5209900;4228
5210100;20
5210300;6688
5210400;7167
5210900;6266
5211000;8647
5211100;8894
5211400;1482
5211500;4633
5211600;2823
5211601;2078
5211800;6529
5211900;5937
5212000;1002
5212100;9085
5212300;256
5213400;206
5213900;3922
5214000;7382
5214100;3356
5214300;9061
5214600;3190
5214900;1485
5215500;4872
5215700;4572
5216100;476
5216300;7228
5216400;3779
5216700;4660
5216800;2813
5216900;2841
5217300;2887
5217800;8675
5218200;8490
5218800;3186
5218900;1852
5219100;4629
5219600;1985
5219800;6
5219900;5112
5220400;9164
5220600;3050
5220900;2198
5221400;1640
5221500;5278
5221900;7191
5222000;6881
5222200;7708
5222300;5495
5222400;2829
5222500;3488
5222900;5798
5223000;4165
5223100;5340
5223200;4602
5223400;6515
5223900;2794
5224400;8113
5224500;1045
5224600;4889
5224800;5586
5225200;1270
5225500;9103
5225600;322
5225700;5144
5225900;7430
5226100;718
5226200;1706
5226400;8601
5226800;7407
5227000;4767
5227100;4671
5227400;8533
5227600;7950
5228500;2280
5228600;8480
5229000;2085
5229100;5316
5229600;9191
5229800;3351
5230000;6627
5230001;1652
5230100;5375
5230200;9074
5230300;6908
5230400;1797
5230700;6763
5230800;3775
5230900;8898
5231000;5447
5231100;5301
5231300;3921
5231600;4869
5231700;4068
5231900;7028
5232000;4593
5232200;2457
5232300;9120
5232400;6959
5232800;3017
5233100;1266
5233300;2878
5233400;1235
5233500;4239
5233800;669
5233900;8461
5234000;3482
5234400;7882
5234600;4470
5234700;3217
5234900;1934
5235100;1484
5235200;7828
5235300;4163
5235600;5593
5236100;4896
5236500;4546
5236700;8066
5237000;8277
5237100;1981
5237300;9111
5237500;3533
5237700;820
5237900;2657
5238400;8130
5238500;926
5238800;4950
5239000;7502
5239100;5862
5239500;6181
5240200;1544
5240900;3860
5241300;2340
5241500;1465
5241900;3370
5242200;993
5242300;4903
5242400;6286
5242500;2493
5242600;6958
5243000;3754
5243100;8131
5243200;7699
5243300;8637
5243600;6165
5243700;5538
5243800;7734
5244400;7487
5245100;6801
5245200;2919
5245400;3693
5245600;1086
5245900;3366
5246100;3763
5246600;6499
5247000;5973
5247100;3399
5248100;5596
5248700;762
5249800;415
5250000;8867
5250400;7162
5250500;111
5250600;7906
5250700;3291
5251300;6974
5251500;2147
5251900;5588
5252200;3931
5252300;5827
5252400;7608
5252500;7614
5252600;290
5253000;6916
5253200;2505
5254200;6195
5254300;3739
5254301;9224
5254400;3121
5254600;2253
5254700;7046
5254800;1319
5255100;6659
5255300;8170
5255800;3114
5256600;1546
5257100;1793
5257200;8294
5257800;2965
5257900;8193
5258100;5904
5258300;6607
5258400;2948
5258401;3316
5258500;1486
5258800;5698
5259500;1209
5259700;4895
5259900;2674
5260000;1865
5260100;7669
5260200;2479
5260300;634
5260400;4301
5260700;2936
5261100;2519
5261200;3157
5261300;6029
5261600;9047
5261700;4238
5262000;5745
5262100;6389
5262200;1375
5262300;5972
5262400;6507
5262401;3971
5262500;3824
5262600;198
5263000;8089
5263400;7700
5263800;1434
5263900;5096
5264000;8420
5264300;5550
5264400;3387
5264500;6148
5265300;6299
5265400;3890
5265900;7711
5266100;2427
5266900;1085
5267000;3940
5267200;7624
5267300;3838
5267400;8005
5267500;8821
5267600;7207
5267700;5730
5267800;7278
5268000;6305
5268200;4458
5269300;2631
5269400;591
5269600;171
5269800;3178
5270000;5323
5270200;2241
5270300;2026
5270500;2612
5270600;66
5270700;1599
5270900;7176
5271000;4956
5271800;1784
5271900;7443
5272000;1694
5272100;3842
5272200;5969
5272500;8589
5272800;637
5272900;8387
5273200;4232
5273500;6691
5273900;3565
5274000;8264
5274100;2891
5274300;6041
5274500;1201
5274600;8148
5274700;1268
5275200;8446
5275300;447
5275500;9022
5275900;2393
5276100;2437
5278300;8345
5278700;8150
5278900;6500
5279400;7007
5279700;3517
5280100;8011
5280200;6727
5280300;7483
5280700;8889
5280900;6675
5281400;7928
5281800;5073
5282900;277
5282901;1644
5283200;7024
5283300;215
5283301;4283
5283500;1645
5283600;8015
5283800;7459
5283900;5449
5284100;8688
5284300;8488
5284400;8578
5284900;8838
5285000;3200
5285200;8861
5286400;3269
5286600;7330
5286700;4753
5286900;6613
5287000;7539
5287100;4065
5287400;1809
5287800;5107
5288000;6352
5288300;7273
5288400;6744
5288500;2465
5289000;1153
5289200;4148
5289300;7936
5289400;3580
5289500;8080
5289700;4819
5290100;5779
5290300;497
5290500;7187
5290600;6278
5290700;6650
5290800;4968
5290900;1823
5291200;3847
5291300;4074
5291400;1363
5291500;7111
5291600;3208
5291700;2896
5291800;5849
5291900;6066
5292300;5358
5292400;5303
5292900;1197
5293100;1426
5293200;4565
5293300;5288
5293400;1250
5293800;3177
5294300;8673
5294400;3811
5294600;660
5294700;4711
5294800;2360
5294900;6926
5295100;2121
5295600;5773
5296200;7643
5296300;1013
5296900;139
5297300;2955
5297301;8883
5297400;3945
5297500;9055
5297700;7138
5298000;5630
5298100;7571
5298300;3360
5298400;6340
5298700;4174
5298800;6401
5299200;7976
5299900;5212
5300700;6762
5301000;7907
5301300;5709
5301600;7719
5301900;1497
5302100;1355
5302400;4223
5302600;2554
5302800;1528
5302900;5431
5303300;5994
5303500;7185
5303700;5991
5304300;1658
5304600;5946
5304700;123
5304900;2298
5305300;1257
5305400;7003
5305500;7143
5306000;6153
5306100;9082
5306200;6163
5306300;923
5307000;8109
5307100;185
5421300;6861
5421500;7892
5421700;3171
5422100;219
5422300;3636
5422500;2299
5422600;1999
5422800;6922
5423100;3547
5423600;8035
5424300;5753
5424400;1065
5424600;7365
5424700;462
5425100;4260
5425500;4278
5425700;4435
5426200;7485
5426400;7352
5426500;5657
5426600;7842
5426800;480
5427400;4448
5427800;3880
5428100;3516
5428400;3888
5428500;5957
5428600;6055
5428900;997
5429400;4653
5429401;8902
5429900;581
5430000;1261
5430100;2752
5430200;6548
5430300;7086
5430400;5892
5430700;4069
5430800;507
5430900;9255
5431000;7572
5431100;7204
5431400;4909
5431600;3960
5431700;1461
5431900;6971
5432000;6013
5432200;1505
5432400;1530
5432500;4957
5432600;276
5432900;1881
5433000;1824
5433600;3135
5433900;3563
5434000;9223
5434200;1811
5434400;6874
5434500;3501
5434600;3453
5434900;4372
5435300;4794
5435400;6130
5435500;750
5435600;3240
5435800;8833
5436100;5459
5436200;6509
5436300;1165
5436400;3924
5436500;4879
5436700;3368
5436900;3841
5437000;641
5437100;803
5437200;3204
5437400;690
5437500;1836
5437700;2859
5437900;8198
5438000;1472
5438200;1325
5438500;7810
5438700;3429
5438900;8355
5439200;8479
5439300;4917
5439500;7631
5440000;1597
5440600;4158
5440700;4161
5440900;895
5441000;6309
5441200;670
5441500;9149
5441600;7476
5441800;3020
5441900;2641
5442000;7977
5442200;1352
5442500;1173
5442600;8667
5442900;6333
5443000;809
5443100;7107
5443200;313
5443400;1961
5443500;4362
5443900;1532
5444400;5720
5444500;4610
5444700;115
5444800;8948
5445100;5175
5445200;5203
5445300;5373
5445600;5741
5445800;6740
5445900;2101
5446100;4154
5446400;6436
5446600;4870
5446700;1684
5447000;4810
5447100;367
5447200;2995
5447300;211
5447600;9100
5447700;3286
5447900;3724
5448000;8724
5448300;4016
5448800;2861
5448900;1788
5449300;385
5449700;1101
5450000;8547
5450500;6326
5450600;8468
5451100;4064
5452400;3197
5452700;499
5453000;1142
5453300;7659
5453600;3105
5453700;8642
5453900;6918
5454100;8735
5454200;7323
5454400;340
5454600;7403
5454800;783
5455000;2735
5455100;8076
5455200;8719
5455400;5157
5455500;8931
5455600;3800
5456000;2104
5456300;8289
5456400;3807
5456600;7610
5457200;7661
5457700;1577
5457900;8485
5458000;566
5458200;4329
5458300;8526
5458500;1200
5458700;8785
5458800;6674
5459000;2188
5459200;7811
5459300;551
5459500;734
5460000;3196
5460500;7311
5460600;7865
5460800;5771
5460900;6742
5461000;8407
5461200;3495
5461300;5070
5461400;2681
5461600;6772
5462300;1460
5462800;345
5463000;8406
5463100;318
5463500;1602
5463600;6397
5463700;7911
5463800;4742
5464400;735
5464600;5033
5464700;2642
5464900;8391
5465200;9250
5465400;3075
5465600;5184
5465900;1138
5466000;5648
5466100;3386
5466400;2800
5466700;8956
5466800;9053
5467200;5318
5467400;3744
5467800;835
5468800;2081
5468900;7581
5469000;3600
5469300;8006
5469500;7079
5469700;5511
5469900;7063
5470100;4919
5470800;3172
5470900;6081
5471000;4857
5471500;183
5471900;8832
5472600;4925
5472900;8110
5473100;1552
5474000;1634
5474300;9189
5474400;2236
5474600;5346
5474800;3137
5475100;6576
5475200;3557
5475500;7922
5475600;237
5475800;4361
5476100;2158
5476300;6505
5476500;5385
5476600;7927
5476800;2598
5477000;6973
5477100;752
5477300;5878
5477800;1720
5478100;5094
5479200;9238
5479400;8765
5479500;6761
5479700;5086
5479800;112
5480000;2901
5480100;1034
5480400;8357
5480700;6681
5481200;6387
5481300;2951
5481900;443
5482100;2072
5482200;341
5482300;5613
5482400;2714
5482500;928
5482600;9001
5483000;3039
5483100;8441
5483200;7027
5483400;772
5483600;155
5483900;5785
5484100;3836
5484200;8859
5484300;1970
5485100;1389
5485200;4924
5485400;3979
5485500;2263
5485600;4267
5485900;7243
5486000;4409
5486200;8869
5486500;4652
5487200;3564
5487300;726
5487500;2329
5487800;7607
5488000;3456
5488100;1944
5488200;8037
5488300;7118
5488600;8341
5488800;6260
5489100;7764
5489300;8047
5489400;2342
5489500;2610
5489700;8519
5489800;1783
5489900;7423
5490100;5479
5490300;896
5490600;3313
5491000;249
5491001;730
5491100;8940
5491200;4358
5491400;5259
5491500;578
5491600;5281
5491700;4699
5491900;6040
5492200;9249
5492400;7370
5493500;109
5494000;388
5494100;473
5494300;6135
5494400;6303
5494600;6009
5494800;8028
5495000;6822
5495200;2057
5495500;1726
5495700;6629
5495800;6095
5496300;247
5496600;1168
5496700;4413
5496800;7551
5497400;419
5497800;50
5498000;2920
5498300;7653
5498400;7705
5498600;7718
5498900;3706
5499200;2164
5499600;4481
5499800;3434
5500000;7424
5500100;7290
5500200;240
5500700;1664
5500800;8994
5500900;5161
5501100;2754
5501500;7885
5501600;4599
5501700;9207
5501800;243
5501900;6882
5502600;7934
5502700;9141
5502900;5060
5503100;6144
5503200;6834
5503300;148
5503500;769
5503600;6768
5503700;9026
5503800;7545
5504000;6187
5504100;7766
5504200;3447
5504400;7393
5504600;8402
5504900;2379
5505000;6475
5505200;5147
5505300;6614
5505700;8469
5505800;2833
5506000;2383
5506300;6699
5506600;5137
5506700;4880
5507000;2530
5507700;6271
5508200;5635
5508400;8836
5508500;2451
5508600;882
5509100;2791
5509500;5667
5509600;916
5509700;8205
5509900;2204
5510100;4152
5510300;9072
5510600;3315
5511000;1863
5511300;5140
5511400;9116
5511600;3773
5512100;1215
5512200;6445
5512400;7780
5513400;5964
5513500;3023
5513800;1155
5513900;6561
5514100;1669
5514200;6202
5514300;6071
5514700;7503
5515300;3230
5515500;2000
5515800;2276
5515900;4986
5516000;8663
5517000;1414
5517200;3929
5517400;6173
5517500;4288
5517700;7410
5517800;3345
5518000;5440
5518100;5209
5518300;5547
5518600;6482
5518700;5526
5518900;8746
5519000;890
5519100;4860
5519500;7786
5520300;5580
5520400;372
5520700;2905
5520800;4221
5521000;5481
5521200;8577
5521500;3390
5521900;1715
5522300;5083
5523600;2941
5523800;7931
5523900;5814
5524000;790
5524300;8282
5524400;8974
5524500;3445
5525000;2708
5525200;1680
5525500;6044
5525900;7331
5526000;5719
5526400;1928
5526600;4928
5527100;7582
5527500;7490
5527700;2717
5528000;2106
5528100;1661
5528200;440
5528300;1534
5528500;3410
5528900;9017
5529200;7721
5529700;2234
5529800;1770
5529900;2202
5530300;4644
5530400;2441
5530900;2590
5531100;7468
5531300;5646
5531900;5034
5532300;7868
5532900;5908
5533000;1791
5533400;7113
5533700;7676
5534100;5418
5534200;2358
5534900;9054
5535100;2634
5535200;6245
5535300;714
5535900;7858
5536200;8163
5536400;4940
5536500;4348
5536600;8339
5536700;2600
5537100;1252
5537200;661
5537300;2942
5537700;3281
5538200;242
5538600;3093
5538800;5068
5539000;3063
5539100;2926
5539600;3000
5539700;5776
5539900;4051
5540100;2564
5540200;8655
5540300;6866
5540500;688
5540700;3059
5540800;1802
5540900;6553
5541300;1966
5541400;5179
5541600;5597
5542000;9129
5542100;9112
5542200;4318
5542300;7279
5542400;8829
5542600;5310
5542900;3752
5543100;7792
5543200;5420
5543300;2643
5543400;5029
5543700;5551
5543800;8308
5543900;7233
5544000;9029
5544100;4370
5544300;389
5544600;6375
5545000;6088
5545300;9125
5545800;1362
5546100;2086
5546200;580
5546600;5237
5546700;7812
5546900;8841
5547300;140
5547400;5811
5547900;4997
5548000;166
5548100;8783
5548500;7954
5548600;3704
5548700;1107
5548900;8166
5549100;7513
5549300;5201
5549600;1583
5549900;753
5550400;6419
5550500;5095
5551100;282
5551500;2082
5551700;6592
5551800;6900
5552300;4505
5552700;5270
5552800;5910
5552900;1525
5553200;3710
5553400;5392
5553600;3380
5553700;2107
5553800;1350
5554200;6366
5554400;2536
5555000;1102
5555100;6893
5555200;1828
5555800;2616
5556200;2073
5556400;7553
5556500;8664
5556800;8135
5556900;7939
5557100;8888
5557300;2289
5557700;4937
5557800;4672
5558000;377
5558200;2532
5558300;644
5558400;722
5558900;7049
5559100;3598
5559300;2282
5559500;5783
5559700;4112
5559900;2334
5560500;4147
5560600;1866
5560900;5573
5561000;3151
5561400;1232
5561700;8546
5561800;3687
5562000;4534
5562500;3490
5562600;8169
5562700;6126
5563000;4109
5563800;2070
5563900;6591
5564700;9117
5565400;1150
5565700;4391
5565800;4978
5565900;7942
5566100;4597
5567200;3617
5567300;5672
5567600;7838
5567700;5236
5567900;349
5568000;4497
5568300;309
5568500;7258
5568700;1774
5568900;334
5569000;75
5569700;520
5569900;4254
5570300;7415
5570400;1032
5570600;8513
5571100;93
5571600;2875
5571800;512
5572200;7586
5572300;6082
5572400;1996
5572700;2375
5572800;1909
5573200;1223
5573300;4523
5573400;6399
5573500;2962
5573700;324
5573900;4431
5574300;8733
5574600;7958
5575000;5298
5575100;4270
5575101;1804
5575400;5517
5575401;5571
5576000;8893
5576700;8995
5576800;1691
5576900;8132
5577200;4573
5577500;7687
5577600;366
5577700;6610
5578200;8525
5578500;9264
5578600;4003
5578700;9155
5578900;332
5579100;7511
5579300;2960
5579400;8807
5579600;4966
5579700;7774
5579800;7686
5580000;9102
5580400;5193
5580700;3057
5580800;6325
5581100;7259
5581800;5574
5581900;7307
5582100;4108
5582300;1756
5582500;8141
5582600;4689
5583200;131
5583900;1846
5584400;7009
5584700;3326
5584800;2693
5585000;4136
5585200;4745
5585400;6037
5585500;5337
5585600;668
5585700;1827
5586100;3033
5587200;5705
5587400;3759
5588000;1452
5588400;88
5588500;9142
5588800;94
5589200;9118
5589300;1094
5589400;1187
5589500;1320
5589600;511
5589700;1987
5590000;442
5590100;7837
5590200;2406
5590600;5020
5591000;3071
5591300;888
5591500;7933
5591800;1309
5592000;1357
5592200;7956
5592300;239
5592400;3339
5592500;4704
5592700;266
5593300;1673
5593400;3203
5593700;770
5593800;2211
5594000;431
5594300;1818
5594600;6143
5594700;5324
5595100;5276
5595101;7126
5595200;428
5595800;6085
5595801;1971
5595900;3619
5596000;5306
5596100;897
5596300;8333
5596400;3243
5596600;8726
5597200;269
5597300;756
5597400;14
5597500;1801
5598300;1404
5598400;1688
5598500;7342
5599000;8403
5599800;3341
5600300;3577
5600900;3798
5601100;8915
5601300;8558
5601400;200
5602100;1994
5602300;572
5602500;3005
5602700;5759
5603100;3261
5603200;2264
5603400;4637
5603500;355
5603600;7599
5604000;4490
5604400;8433
5604500;648
5604700;8679
5605100;7151
5605200;2710
5605300;410
5605400;7619
5605500;6587
5605600;6298
5605900;8140
5606500;6601
5606700;2707
5606800;4564
5607000;8381
5607200;4360
5607300;5780
5607600;3475
5607900;7580
5608500;3958
5608900;3865
5609100;3796
5609200;9242
5609400;2613
5609500;2745
5609600;8190
5610000;7473
5610100;2786
5610200;5874
5610500;9147
5610700;8804
5610800;5784
5611200;3530
5611300;2840
5611400;4471
5612200;2587
5612500;7603
5612600;49
5612800;7246
5612900;1457
5613000;8998
5613300;2889
5613400;5930
5613500;233
5613600;3374
5613700;4467
5613800;7536
5614200;5398
5614300;8324
5614700;1169
5614900;8950
5615000;1542
5615300;1182
5615500;3770
5615600;3634
5615700;8682
5616100;9196
5617300;236
5617400;4474
5617800;3949
5617900;9219
5618000;3115
5618100;3746
5618400;4632
5618600;3771
5618700;8456
5618900;2327
5619100;703
5619200;8134
5620000;1137
5620001;4303
5620500;7778
5620800;2964
5621200;8835
5621500;1274
5621600;2743
5621900;5267
5622100;4679
5622400;1146
5622600;549
5622800;542
5623100;285
5623600;5978
5624500;2395
5624700;1188
5624900;1140
5625300;3621
5625400;1518
5625800;6753
5626000;9002
5626100;6518
5626400;7566
5626500;1693
5626600;950
5626900;4181
5627200;8671
5627300;743
5627500;3871
5627800;4449
5628200;8643
5628300;1021
5628400;1733
5628500;7069
5628600;472
5628900;6608
5629200;8941
5629300;7200
5629500;5367
5629600;2356
5629700;3633
5630100;8115
5630200;4816
5630300;8138
5630400;5557
5630900;7564
5631100;5013
5631200;7648
5631800;1018
5632100;4480
5632400;6677
5632600;6552
5632800;5984
5633100;1629
5633600;3435
5633800;2305
5634300;7092
5634600;362
5634700;7465
5635000;4769
5635600;2999
5635700;2566
5636100;633
5636700;9037
5636800;7578
5637000;6842
5637100;149
5637200;6732
5637300;4554
5637400;5960
5637700;1955
5638100;8892
5638200;2092
5638400;1439
5638700;4242
5639200;1368
5639300;8914
5640000;1616
5640500;4559
5640700;2617
5640900;446
5641000;5933
5641200;5305
5641400;2135
5641500;1443
5641600;6319
5641900;2888
5642100;225
5642200;5636
5642400;5815
5642500;9241
5642600;561
5642700;6747
5643000;8600
5644100;798
5644300;4208
5644800;8814
5644900;1131
5645100;4839
5645200;2333
5645600;6925
5645700;3408
5646000;693
5646100;8121
5646300;759
5646700;4466
5647200;8302
5647400;984
5647600;5703
5647700;5782
5648100;6907
5648500;4780
5648700;9228
5648800;5789
5649000;8261
5649100;3526
5649400;8609
5649500;8629
5649900;5054
5650100;4636
5650200;7616
5650800;6464
5650801;2403
5650900;8768
5651000;5591
5651100;7077
5651600;3984
5651800;2760
5651900;6984
5652100;5482
5653000;3757
5653200;7150
5653300;4235
5653500;6219
5653900;7450
5654100;1345
5654200;456
5654700;2943
5655000;1234
5655100;3458
5655500;3920
5656300;8710
5656600;8532
5656700;1429
5656900;1144
5657000;533
5657400;7547
5657500;6951
5657600;833
5657900;9063
5658300;3867
5658400;4364
5658700;3480
5658800;110
5659400;7327
5659500;1444
5660100;2065
5660400;2508
5660600;5585
5661200;8622
5661300;3431
5661400;2518
5661500;4164
5661700;5955
5661800;2753
5661900;2853
5662100;6450
5662300;3859
5662600;8409
5662900;1012
5663500;3663
5663700;7870
5663800;3116
5664000;1462
5664100;610
5664200;4088
5665100;1210
5665500;8316
5665600;1073
5666000;964
5666200;8596
5666300;3993
5666400;781
5666600;4227
5666800;1008
5667000;8901
5667200;4106
5667300;5589
5667301;9172
5667500;2471
5667600;953
5668000;6321
5668300;1315
5668700;7617
5669100;2319
5669300;4675
5670000;3969
5670300;344
5670400;6850
5670500;7186
5671000;4759
5671300;5119
5671600;4444
5671900;9106
5672000;3232
5672100;7984
5672200;2455
5672300;1835
5672600;4977
5673100;1678
5673200;7550
5673300;3118
5673500;7604
5673800;2369
5674200;3575
5674700;8550
5674900;4856
5675000;1610
5675500;7498
5675600;4075
5675700;7215
5675800;7846
5676200;6345
5677000;7198
5677200;8522
5677300;3519
5677301;7563
5677600;8039
5677900;4193
5678100;7693
5678700;1713
5678800;7391
5678900;5644
5679000;983
5679500;4423
5679900;4913
5680000;9096
5680100;8386
5680200;6437
5680500;9201
5680600;1338
5680700;2043
5680900;7337
5681500;4366
5682100;3938
5682200;5293
5682700;6835
5682800;4420
5683100;2224
5683300;7894
5683400;3805
5683600;5540
5683800;6840
5684100;7367
5684400;1535
5684900;4305
5685400;7286
5685600;7823
5686000;9123
5686200;1118
5686500;6502
5686600;7500
5686700;626
5687300;8045
5687400;2328
5687500;5160
5687800;1072
5688000;154
5688200;5396
5688300;4292
5688500;9128
5688900;6743
5689400;7794
5689500;806
5689700;1786
5690200;1555
5690400;6199
5690700;8827
5690800;2812
5690900;5541
5691300;6998
5692000;257
5692200;8318
5692300;7898
5692500;6453
5692900;7034
5693000;5794
5693300;8797
5693500;3881
5693900;5562
5694200;4630
5694300;8026
5694700;6567
5694800;6852
5694900;6541
5695100;400
5695300;2220
5695400;2734
5695600;7121
5695900;8625
5696100;4779
5696300;3255
5696500;952
5697000;8154
5697200;1189
5697400;3446
5698100;6075
5698200;894
5698300;6282
5698700;6757
5699000;2815
5699400;3231
5699500;7411
5700300;7350
5700400;2595
5700500;694
5700700;7971
5701100;3531
5701400;8049
5702100;8530
5702200;3402
5702600;492
5702800;4812
5702900;8541
5703300;6349
5703400;5130
5703500;2854
5703600;7567
5704000;5199
5704100;8368
5704200;222
5704600;5108
5704700;3233
5705000;5244
5705100;1063
5705500;2486
5705800;8290
5706400;1221
5706500;7486
5706800;4939
5706900;5639
5707100;1307
5707200;5756
5707600;7535
5707700;7188
5707800;7560
5707900;766
5708300;4213
5708500;4752
5708600;535
5708700;5439
5708900;4509
5709300;323
5709400;810
5710700;3284
5710800;9188
5711100;7315
5711200;2496
5711500;525
5711700;4145
5711800;3973
5711900;89
5712000;163
5713400;9097
5713500;1725
5713800;866
5713900;2306
5714200;4419
5714300;7671
5714700;807
5714900;8123
5715100;7117
5715600;6960
5715900;836
5716400;5328
5716500;6684
5717000;6838
5717300;8100
5717600;8334
5717700;667
5717800;522
5717900;1674
5718100;2591
5718500;622
5718900;4451
5719200;6294
5719300;5139
5719700;2391
5719800;1477
5719900;5942
5720300;7044
5720400;8743
5720700;6527
5721000;2799
5721100;6869
5721300;1984
5721400;8732
5721500;6788
5721600;9266
5721900;1326
5722000;6643
5722400;5552
5722600;8303
5722800;3665
5722900;8748
5723000;1708
5723100;6004
5723101;5166
5723400;2661
5723700;2599
5723800;1767
5724400;5487
5724600;2009
5724700;7406
5724900;4838
5725100;5037
5725200;8397
5725400;7836
5725600;2954
5725700;2056
5726000;3449
5726100;3675
5726200;4960
5726800;3686
5727100;8665
5727200;7373
5727700;1926
5727900;2539
5728200;8300
5728600;3080
5728700;8638
5728800;5936
5728900;4405
5729200;3983
5729300;2690
5729500;4189
5729600;1657
5729800;7493
5730000;6291
5730700;1843
5731300;474
5732000;7797
5732100;5466
5733500;7076
5733900;1228
5734100;246
5734200;5084
5734300;1238
5734700;5524
5735300;710
5735400;2443
5735600;9202
5735800;8512
5736100;3088
5736500;2240
5736800;8424
5737000;5468
5737200;7784
5737500;4048
5737700;1269
5737800;6042
5737900;5412
5738000;9051
5739000;638
5739100;8999
5739700;2027
5740100;1174
5740300;7776
5740400;986
5741000;879
5741400;6253
5741900;1049
5742100;517
5742300;117
5742700;6392
5743100;7524
5743200;8344
5743300;1380
5743400;8826
5743600;4395
5743700;2990
5743900;1901
5744100;3679
5744200;2546
5744500;4654
5744700;3010
5745100;3305
5745200;3527
5745800;3750
5745900;4525
5746200;1884
5746400;3653
5746600;5350
5746800;199
5747300;991
5748100;2666
5748300;8299
5748600;6582
5748700;6454
5748900;1585
5749200;1382
5749500;5519
5750000;3647
5750300;6816
5750700;2755
5751800;3542
5752200;2774
5752300;5755
5752500;1570
5752600;7994
5752700;3307
5752800;6813
5753000;5834
5753300;6334
5753400;8567
5753600;21
5753700;5123
5754200;5165
5754300;4831
5754400;8186
5754600;1569
5755400;4777
5755500;3125
5755800;1656
5755900;2638
5756000;142
5756100;3143
5756800;7004
5756900;3742
5757200;6615
5757400;5530
5757500;1520
5758200;9086
5758300;6531
5758400;1825
5758500;7284
5758600;8923
5758700;816
5758900;1531
5759200;4821
5759300;2229
5759700;8223
5759800;4700
5760100;6188
5760400;2915
5760600;6234
5760700;6434
5761100;9258
5761400;6713
5761600;1278
5762000;1105
5762300;9003
5762500;9145
5762600;9131
5762800;2346
5763000;399
5763300;7696
5763500;6617
5763600;3925
5763800;7938
5763900;8475
5764200;8142
5764500;4744
5765000;4680
5765400;3310
5765600;6310
5765900;4710
5766000;5494
5766100;9221
5766500;5956
5766600;6683
5766900;8581
5767100;4536
5767400;6405
5767500;5111
5767900;1556
5768300;4720
5768500;5284
5768600;8442
5768700;8287
5768900;1480
5769000;7156
5769800;2895
5770600;1006
5771200;1671
5771300;2244
5771400;1421
5771500;2988
5771800;8696
5772300;8770
5772500;2163
5772800;1089
5772900;7634
5773100;589
5773200;6815
5773600;6329
5773700;160
5774300;7388
5774500;1899
5774800;4079
5774801;7565
5775000;7506
5775100;3145
5775400;2149
5775900;2863
5776100;1719
5776200;6628
5776400;1030
5776700;6274
5776900;3812
5777200;3856
5777300;1178
5777400;4600
5777700;2200
5778000;6070
5778300;6605
5778500;973
5778800;7349
5778900;5009
5779000;6374
5779300;460
5779800;6776
5779900;7104
5780200;4764
5780300;8846
5780400;7715
5780600;6365
5781100;4060
5781400;8996
5781500;1586
5781900;2278
5782100;2581
5782300;258
5782500;846
5783100;1536
5783200;6355
5783400;7434
5783800;4429
5784100;414
5784200;4719
5784400;2069
5784700;2187
5784800;8106
5784900;7629
5785000;9230
5785200;1890
5785500;5505
5785700;1705
5785900;1329
5786300;4011
5786400;4571
5786500;3957
5786600;4039
5786700;7398
5786800;421
5786900;6724
5787100;457
5787300;1651
5787500;1010
5787700;1267
5787900;1758
5788200;4502
5788400;5295
5788900;4970
5789400;602
5789600;8659
5790000;7512
5790300;1433
5790400;2625
5790700;4842
5790800;2909
5791200;4041
5791400;5167
5791800;2531
5792000;5968
5792400;152
5793100;6890
5793200;1902
5793300;6575
5793500;3609
5793700;5545
5793900;2257
5794000;1403
5794100;7297
5794200;4005
5794400;8312
5794500;8023
5794900;6818
5795100;6169
5795200;1172
5795300;7742
5795400;6696
5795500;3289
5795700;7194
5795800;1559
5796200;6486
5796300;9209
5796500;5628
5796600;8499
5796700;9183
5797300;2209
5797400;7548
5797500;6102
5797700;6510
5797800;2115
5798200;5364
5798300;3976
5798400;9151
5798700;5860
5798900;317
5799400;6760
5799500;423
5799600;8159
5799700;5891
5800000;382
5800200;1038
5800300;8332
5800400;830
5801100;4365
5801300;707
5801400;8975
5801500;3990
5801600;5711
5801700;2827
5801900;3130
5802100;716
5802400;36
5802500;4393
5802800;469
5803000;3485
5803600;2372
5803800;8146
5804100;448
5804900;7953
5805000;7903
5805500;1743
5805600;8160
5805700;3234
5805800;7921
5806100;1051
5806700;1778
5807100;1017
5807300;9262
5807500;6873
5807700;27
5808100;6391
5808200;5558
5808400;3049
5808600;5059
5808700;2873
5808900;8632
5809000;1587
5809600;245
5810400;675
5810900;6692
5811100;7124
5811400;1736
5811500;9273
5811600;2067
5811800;733
5811900;5006
5812600;8986
5813100;9156
5813200;2170
5813300;643
5813500;7628
5813900;2007
5814100;4574
5814400;1393
5814600;5074
5814700;2796
5814900;7783
5815000;4531
5815100;4256
5815200;1830
5815800;5980
5815900;7142
5816100;3439
5816500;8574
5816600;5673
5817400;1296
5817500;4359
5817600;883
5818100;5187
5818200;8561
5818300;686
5818400;2482
5818900;1413
5819500;5856
5819600;1143
5819800;5404
5819900;1246
5820100;6335
5820500;4333
5820600;6131
5821200;1665
5821300;7609
5821400;4868
5821600;7651
5822200;4368
5822300;2225
5822700;4028
5822900;1340
5823100;4792
5823200;5806
5823800;2394
5824100;978
5824200;3956
5824300;5967
5824400;4621
5824500;531
5824600;4527
5824700;8372
5824800;1016
5825100;571
5825300;3894
5825400;3863
5825700;4473
5825800;7995
5826500;2559
5826600;9066
5826700;6350
5826900;5998
5827300;684
5827400;2883
5827900;2762
5828200;7737
5828600;992
5828700;3013
5828800;6060
5829200;3753
5829300;5560
5829400;7949
5829700;3160
5829800;2359
5829900;4576
5830100;4677
5830300;2477
5830400;7255
5830500;1663
5830700;8060
5831200;3222
5831400;7915
5831600;1624
5831800;1760
5831900;7559
5832200;1759
5832300;1186
5832400;2175
5832700;6320
5832800;4220
5832900;7190
5833000;4440
5833100;4526
5833300;7432
5833600;5269
5833700;4846
5834400;713
5834700;4705
5834800;1498
5835200;3174
5835300;7015
5835600;10
5836100;6870
5837100;2015
5837600;3499
5837800;3741
5838000;1630
5838100;5081
5838200;721
5838300;4290
5838600;5634
5838700;5615
5838800;8119
5839200;6356
5839300;8737
5839400;8566
5839600;3585
5839700;279
5840000;3652
5840500;3092
5840600;1370
5840700;1696
5841000;3703
5841200;6125
5841400;7300
5841600;287
5841700;4245
5842000;3849
5842400;5053
5842500;3353
5842600;5884
5842900;5781
5843000;8840
5843100;2544
5843400;6938
5843600;4824
5843700;5629
5844000;2077
5844400;4040
5844500;8681
5844900;4275
5845000;8857
5845200;1360
5845500;5127
5845600;8713
5845900;1205
5846100;1637
5846300;4457
5846400;8412
5846500;8253
5846600;192
5846700;3596
5846800;3727
5847200;2542
5847400;8955
5847800;1600
5847900;7442
5848000;1376
5848400;1593
5848900;1245
5849100;8963
5849200;8007
5849300;2116
5849600;461
5849700;754
5849900;7681
5850000;3392
5850200;8839
5850300;546
5850600;3825
5851100;6336
5851200;1650
5851300;1978
5851600;5974
5851800;6027
5851900;7961
5852000;4033
5852700;3666
5853000;4625
5853200;9015
5853300;3806
5853400;1598
5853800;5168
5854100;2426
5854200;159
5854300;4138
5854400;6064
5854800;6649
5854900;3210
5855000;5118
5855100;2066
5855200;5250
5855400;2769
5855500;3908
5855600;7163
5855800;737
5856000;1837
5856200;5521
5856400;5117
5856600;2128
5856900;8464
5857000;3819
5857100;8004
5857200;5758
5857300;7544
5857600;5909
5857800;1208
5858000;8844
5858100;8854
5858200;2039
5858300;2862
5858700;7884
5859200;7862
5859400;7413
5859700;8725
5859800;7588
5859900;1262
5860100;8662
5860200;4974
5860300;6756
5860400;2583
5860500;4933
5860700;379
5861500;7380
5861600;5718
5861700;4425
5862500;1501
5862600;7484
5862700;4169
5863200;2687
5863300;2185
5863700;4988
5863800;4183
5864300;8517
5864500;6597
5864700;4299
5864800;3041
5864900;4617
5865100;8648
5865200;7223
5865300;251
5865600;5360
5865700;7031
5866100;4388
5866800;817
5867300;6293
5868100;3506
5868200;7909
5868500;4191
5868600;5024
5868700;2490
5868900;1435
5869000;3846
5869100;7091
5869200;5743
5869300;7727
5869400;5728
5869700;6381
5870100;6845
5870300;1977
5870500;5434
5870800;5744
5871000;9134
5871200;8885
5871400;4335
5871500;6137
5871600;3280
5871800;2125
5872100;2197
5872400;58
5872600;7832
5872700;2301
5872800;8315
5872900;252
5873000;7359
5873500;82
5873700;1895
5874000;9210
5874100;4686
5874600;7590
5874700;8677
5875400;518
5875500;482
5875800;3006
5875900;1976
5876000;2779
5876300;6899
5876500;912
5876700;7426
5876900;302
5877000;4972
5877100;877
5877200;6557
5877400;69
5877500;2160
5877800;8244
5878000;6317
5878200;3433
5878500;8598
5878700;2669
5878800;6913
5879000;3726
5879300;3797
5879800;6686
5879900;5067
5880100;4482
5880200;2068
5880500;5638
5880600;6884
5880700;2513
5881400;2749
5881600;4902
5881900;7944
5882100;4404
5882200;2797
5882700;5251
5882900;147
5883000;1754
5883100;9070
5883200;6215
5883300;3669
5883400;7887
5883600;8539
5883700;1116
5883800;1581
5883900;2506
5884000;4900
5884100;4627
5884400;731
5884900;5027
5885100;7818
5885300;858
5885500;1216
5885800;4504
5885900;4803
5886000;429
5886100;4294
5886300;8734
5886400;5647
5886500;454
5886600;5506
5886800;5896
5886900;8610
5887100;1076
5887200;8116
5887500;1565
5887600;1394
5887700;4441
5887800;3478
5887900;6549
5888000;6049
5888400;4273
5888500;24
5888800;5480
5889000;7264
5889200;2032
5889400;1478
5889500;6018
5890000;4032
5890200;4583
5890300;5958
5890600;1888
5891000;8944
5891200;7739
5891300;6111
5891400;5079
5891900;4708
5892100;8615
5892400;7248
5892800;4891
5892900;2165
5893000;2111
5893100;6833
5893500;6162
5893800;6462
5894000;840
5894500;4853
5894800;7039
5895000;7193
5895100;2958
5895500;5626
5895800;751
5896300;6242
5896400;4623
5896600;4589
5896700;9130
5896800;7253
5896900;6159
5897000;6800
5897300;3497
5897900;4936
5898000;3552
5898100;4921
5898400;6357
5898700;5105
5898800;1662
5898900;560
5899100;5632
5899400;6442
5899700;4259
5899800;8338
5900200;6201
5900800;3593
5901400;552
5901500;3861
5901600;9136
5902000;4714
5902100;4357
5902300;9124
5902400;3788
5902700;3225
5902900;5962
5903100;619
5903400;4920
5903500;3680
5904000;8292
5904300;2131
5904600;5240
5904800;9237
5905100;1615
5905400;6047
5905500;6854
5906000;6603
5906700;9045
5906800;3624
5906900;8754
5907100;7032
5907900;3877
5908000;6909
5908100;936
5908300;2071
5908400;1176
5908800;7212
5908900;4424
5909000;8145
5909100;467
5909400;2558
5909700;2498
5910000;5948
5910100;4085
5910300;4741
5910400;8792
5910500;5685
5910700;1666
5910900;3009
5911000;2719
5911200;1840
5911500;2020
5911600;7084
5911700;4740
5911800;6269
5912000;8820
5912100;7979
5912500;4828
5912600;7208
5912800;6023
5912900;1192
5913200;8554
5913400;7470
5913700;3129
5913900;1159
5914200;169
5914300;9160
5914500;4634
5915000;4507
5915300;1027
5915500;5406
5915600;7242
5915800;4734
5915900;3747
5916000;8837
5916200;1139
5916300;5921
5916500;1871
5916600;4297
5917500;71
5917600;8542
5918000;1440
5918200;4618
5918600;7205
5918700;5618
5919100;5124
5919200;8180
5919300;405
5919400;8379
5919600;6425
5919900;1529
5920000;7056
5920200;530
5920400;3248
5920500;594
5920600;788
5920900;2094
5921000;8866
5921100;8222
5921500;8454
5921800;931
5922100;5446
5922400;2448
5922700;5688
5922800;5138
5922900;5742
5923100;1399
5923400;8917
5923500;6865
5923600;5792
5923800;1052
5923900;1519
5924000;6581
5924100;8738
5924200;2930
5924300;2402
5924500;3509
5924700;9247
5924900;4836
5925300;1499
5925600;4713
5925800;5369
5926200;951
5926500;6540
5926600;6986
5927100;1622
5927600;4325
5927800;5386
5927900;1036
5928200;267
5928300;2970
5928400;8851
5928500;417
5928700;3486
5928900;7530
5929000;8108
5929400;471
5929600;1048
5929700;3808
5929800;1746
5929900;4578
5930300;1056
5930500;794
5930600;5926
5930700;3555
5930800;3140
5930900;44
5931200;6152
5931300;2771
5931500;5268
5932000;6641
5932100;4975
5932200;5675
5932300;4415
5932700;777
5933000;5155
5933300;8248
5933500;8597
5933600;2035
5933700;3332
5933900;6755
5934100;1407
5934700;7630
5934800;444
5934900;1548
5935200;8077
5935300;3426
5935500;1080
5935600;7390
5936200;3709
5936500;2561
5936800;5390
5937000;6729
5937400;1541
5937500;6622
5937600;1551
5937700;5670
5938000;128
5938100;1495
5938200;6213
5938300;3459
5938600;2759
5938800;4479
5938900;1589
5939100;6891
5939300;841
5939400;306
5939600;6562
5939700;2723
5939800;6563
5940900;7281
5941400;5777
5941700;1084
5942000;5539
5942100;7852
5942500;2150
5942600;138
5942900;8569
5943000;1833
5943100;9014
5943300;7584
5943400;197
5943500;2476
5943600;4247
5943800;2555
5944000;6474
5944100;190
5944300;8538
5945200;8650
5945400;4377
5946000;4874
5946100;3524
5946200;5837
5946300;1000
5947100;7622
5947200;3072
5947300;4006
5947400;4561
5947600;1354
5947900;2049
5948300;3631
5948500;1858
5948700;4877
5949100;4611
5949200;8477
5949300;8918
5949600;8448
5949700;9115
5950000;6566
5950100;8678
5950400;1328
5950600;5407
5951000;4021
5951300;2501
5951400;4762
5951700;5857
5951900;3997
5952000;2984
5952400;1358
5952600;5186
5953200;4517
5953300;2967
5953400;5454
5953800;2351
5954500;119
5954600;5565
5954700;6612
5954900;8911
5955000;5772
5955900;4113
5956100;990
5956200;6990
5956500;8945
5956600;4786
5956700;5944
5957000;2054
5957100;6267
5957500;1029
5957600;5120
5958000;8639
5958400;9122
5958500;3543
5958700;8027
5958900;394
5959000;6920
5959200;5762
5959400;4726
5959500;90
5959700;4013
5959800;3090
5959900;3283
5960000;2991
5960100;5381
5960800;1112
5961000;1249
5961100;2287
5961200;5062
5961400;3587
5961500;1040
5961700;9267
5962000;4430
5962100;4326
5962400;1353
5962600;592
5962700;1798
5962800;1814
5963100;1175
5963200;6315
5963600;8947
5963700;2601
5963900;5148
5964100;1617
5964200;6386
5964300;1777
5964400;7179
5964600;6599
5964700;2143
5964800;1203
5965100;653
5965400;7016
5965600;8128
5965900;1964
5966800;4336
5967000;7123
5967100;7665
5967200;8896
5967800;4101
5967900;3729
5968000;7364
5968100;3718
5968200;4328
5968400;3913
5968600;5072
5968700;7460
5968800;981
5969100;5312
5969300;6633
5970200;5151
5970400;4197
5970500;6176
5970600;4503
5970800;8508
5971100;7756
5971200;1335
5971300;7274
5971400;2272
5971800;3158
5971900;1053
5972300;42
5972500;1400
5972800;79
5972900;7114
5973300;6184
5973400;1300
5973500;1795
5973700;3074
5973800;8560
5973900;3479
5974000;5026
5974100;8362
5974300;4340
5974500;6624
5974900;8438
5975300;2488
5975400;3622
5975500;3767
5975600;2593
5975700;2053
5975900;3413
5976100;5835
5976300;4695
5976600;7561
5976700;6297
5976900;4218
5977100;868
5977800;7510
5978000;8382
5978200;5097
5978500;7720
5979100;3950
5979300;1689
5979600;5561
5979700;8584
5980000;7013
5980400;6471
5980900;230
5981000;1488
5981400;7026
5981500;7670
5981600;8953
5982000;649
5982100;1968
5982200;1222
5982400;5442
5982500;7926
5982700;4808
5982900;8309
5983100;7213
5983500;132
5983700;5351
5984200;7148
5984600;7206
5984900;5002
5985000;8505
5985200;4432
5985400;5611
5985800;5376
5986200;101
5986300;7841
5986400;8730
5986800;5341
5987100;1538
5987200;8847
5987400;3551
5987500;4631
5987700;4494
5987900;8613
5988100;4884
5988300;3346
5988800;3237
5988900;4219
5989000;5098
5989400;281
5989600;4427
5989700;2388
5989800;1728
5990100;5768
5990500;5391
5991000;1496
5991100;445
5991300;8439
5991400;3762
5991500;2998
5991800;3168
5991900;4908
5992100;3424
5992500;6981
5992700;2254
5992800;4521
5992900;5008
5993400;6279
5993600;6476
5993700;7754
5994000;1161
5994200;1054
5994500;3548
5994600;5531
5995200;4645
5996000;5712
5996200;2686
5996600;4376
5996800;5725
5996900;6246
5997100;7366
5997300;4104
5997400;2604
5997600;2407
5997700;5015
5998100;5683
5998300;3146
5998500;8908
5998700;588
5999000;6898
5999400;1653
5999700;6750
5999800;2855
5999900;2655
6000500;2821
6000600;4772
6000700;5609
6000900;3541
6001100;6249
6001200;2522
6001600;8880
6001800;4659
6002100;3042
6002500;6664
6002600;97
6002700;275
6003000;3011
6003100;4620
6003400;1950
6003500;3164
6003600;1476
6003700;4029
6003800;8876
6003900;4229
6004300;3903
6004400;503
6004900;3614
6005200;1623
6005700;8139
6005800;6812
6005900;7383
6006000;2469
6006100;153
6006200;2825
6006400;7053
6006500;4761
6006700;2018
6006900;3467
6007000;8524
6007100;1915
6007200;6424
6007400;539
6007500;7501
6007600;7158
6007700;2392
6007900;4588
6008000;8125
6008500;8322
6008700;2466
6008800;4195
6008900;8922
6009200;2300
6009400;3781
6010000;2712
6010100;3309
6010200;2700
6010400;2315
6010500;3766
6011100;5622
6011300;3899
6011500;6709
6011800;5922
6011900;2084
6012200;6227
6012600;5477
6012800;2516
6013400;1430
6013700;7292
6013800;4954
6013900;9062
6014200;6179
6014600;849
6014700;6572
6014800;4443
6015000;380
6015100;9048
6015200;819
6015400;7872
6015700;6151
6015900;7596
6016300;9181
6016500;1432
6016600;1183
6016800;4436
6016900;9059
6017100;5170
6017500;7758
6017600;8798
6017700;7137
6018000;1885
6018700;682
6018800;3245
6019000;4603
6019200;5963
6019300;6010
6019400;6673
6019500;8930
6019600;1133
6019800;6255
6020100;7702
6020400;5413
6020500;1815
6020900;6817
6021200;749
6021300;5347
6021400;2152
6021500;2494
6021700;1931
6021800;8904
6021900;1672
6022100;5114
6022200;5215
6022800;1083
6023200;6863
6023400;3031
6023700;2579
6024100;5247
6024200;3381
6024400;6265
6024700;1108
6025400;7866
6025500;6672
6026200;9257
6026400;6654
6026600;6792
6026800;3891
6026900;8886
6027100;3061
6027200;4727
6027300;5
6027500;3583
6027700;187
6028000;8374
6028100;2837
6028300;7796
6028400;4281
6029100;4331
6029200;7912
6029400;7201
6029500;4261
6029600;2389
6029700;8216
6029900;7652
6030300;8317
6030400;3875
6030500;7888
6030700;554
6031100;1523
6031200;607
6031300;5320
6031800;2182
6032200;1239
6032300;2766
6032400;775
6032500;485
6032700;6090
6032900;7706
6033500;4670
6033700;2934
6033800;5356
6034000;1699
6034100;4131
6034400;5456
6034500;6771
6034600;4657
6034800;9205
6034900;3032
6035000;3694
6035100;2265
6035300;6943
6035600;8435
6035700;1935
6035900;5996
6036200;3502
6036300;3048
6036800;5880
6036900;4929
6037000;7440
6037200;1918
6037300;4414
6037500;1927
6037700;3001
6038100;1948
6038300;333
6038400;502
6038600;3411
6038800;4944
6038900;3152
6039000;4464
6039200;4830
6039400;1487
6039600;6103
6040000;3898
6040400;6493
6040600;5786
6040700;6860
6040800;8489
6041000;863
6041100;7135
6041300;3181
6041400;189
6041500;6885
6041800;4450
6042000;4663
6042200;5227
6042300;4354
6042400;529
6042600;6351
6042800;8608
6043000;3536
6043400;6001
6043800;2415
6043900;8228
6044000;1763
6044100;8793
6044300;8265
6044400;6877
6044500;2445
6044700;6408
6044900;3077
6045100;9119
6045400;7542
6045800;3764
6046000;1332
6046100;4171
6046300;4690
6046400;7546
6046500;5959
6046700;295
6046800;1635
6047000;509
6047500;2576
6048400;4296
6048600;3430
6048900;3141
6049200;6508
6049400;8269
6049900;2440
6050100;3936
6050200;8153
6050400;5865
6051100;4516
6051200;7801
6051300;5617
6051500;7157
6051800;6372
6052100;1648
6052200;723
6052400;4818
6053000;6533
6053200;8373
6053500;5279
6053600;6560
6053900;6770
6054000;4386
6054400;3211
6054500;7494
6054700;6574
6055100;8834
6055300;28
6055600;2323
6055700;6844
6056000;3216
6056400;1679
6056500;4651
6056600;6968
6056900;3528
6057300;6594
6057400;720
6057700;7525
6058200;2349
6058800;7704
6059400;5555
6059700;9178
6059900;9133
6060100;5950
6060200;850
6060700;4076
6060800;5154
6060900;3302
6061000;2852
6061100;5402
6061200;7100
6061400;4214
6061700;7303
6061900;3520
6062300;5003
6062800;5238
6063300;4182
6063600;1171
6063700;2647
6064000;6602
6064100;5651
6064200;1412
6064500;1312
6064800;6726
6065100;2650
6065200;6200
6065500;98
6065600;1297
6065700;5803
6065900;8611
6066100;74
6066200;1371
6066300;5089
6066400;8019
6066600;6061
6066800;8055
6066900;9163
6067500;7521
6067600;19
6067700;449
6068000;3569
6068100;1295
6068300;3338
6068900;2172
6069000;4407
6069100;107
6069700;6128
6069900;1627
6070100;3025
6070300;6459
6070800;6789
6071000;4730
6071200;2304
6071400;2713
6071500;7701
6072500;6725
6072700;6221
6072900;5265
6073200;6872
6073500;5496
6073700;304
6073800;4635
6074000;6183
6074100;4552
6074200;7520
6074300;8571
6074700;2283
6075100;8084
6075300;1709
6075500;9121
6075700;1873
6075900;2851
6076000;468
6076100;9204
6076200;2326
6076300;3868
6076400;8553
6076500;7277
6076800;6259
6076900;8903
6077000;8351
6077200;4459
6077300;7202
6077500;1003
6078000;6058
6078500;6077
6078600;516
6078700;2709
6078800;609
6079000;7234
6079200;2578
6079400;3112
6079500;300
6079800;2705
6079900;9009
6080100;8979
6080200;2622
6080300;4537
6080400;7269
6080800;4385
6080900;2572
6081000;5661
6081100;6794
6081200;568
6081300;4985
6081500;6139
6081800;7172
6082100;6292
6082300;8784
6082900;6977
6083600;5943
6084100;6207
6084300;1526
6084400;398
6084800;2475
6085100;2130
6085400;852
6085500;6652
6085700;5371
6085900;6825
6086100;4206
6087100;1037
6087200;9068
6087600;3462
6087700;8634
6087800;4992
6088100;1613
6088500;2618
6088900;7384
6089200;2153
6089300;3756
6089400;2976
6089600;5533
6089700;1302
6089800;4581
6089900;1854
6090000;8073
6090100;4446
6090200;5435
6090500;6847
6090700;5504
6091000;359
6091200;724
6091400;4858
6091500;5101
6091800;5384
6092000;1039
6092400;7850
6092800;2179
6092900;8875
6093100;1914
6093300;4604
6093700;2400
6093800;7140
6094200;1632
6094300;8419
6094400;8421
6094500;16
6094700;4945
6094800;2262
6095100;4866
6095300;5548
6095400;3588
6095600;356
6095700;8687
6096100;3906
6096200;8510
6096500;7613
6097500;5425
6098200;1481
6098700;6484
6098800;4989
6099100;4833
6099300;5748
6099700;8808
6100200;7623
6100300;5595
6100400;2288
6100500;4528
6100600;1463
6100700;4268
6100800;6416
6101000;645
6101300;3471
6101500;2058
6101600;8174
6101800;299
6102000;838
6102200;6994
6102700;6231
6102900;4212
6103100;2141
6103200;7101
6103500;3123
6103600;9071
6103700;4168
6103800;6545
6104300;7050
6104400;6435
6105100;6411
6105400;2414
6105600;4691
6106100;2916
6106200;3235
6106400;934
6106900;3407
6107000;5510
6108000;2331
6108200;3303
6108300;4721
6108400;6571
6108600;1729
6108800;2842
6109000;3638
6109100;2363
6109200;7829
6109300;8137
6109700;2798
6110100;8268
6110400;9177
6110500;106
6110600;7946
6110700;4091
6110800;4823
6111000;8224
6111100;4411
6111300;5767
6111500;8873
6111700;3962
6111800;6948
6112000;7959
6112200;8749
6112300;1512
6112400;1747
6112600;7372
6113000;5971
6113100;5372
6113200;4257
6113300;7496
6113800;53
6114000;4222
6114100;1366
6114200;1446
6114700;3717
6114800;1408
6115100;350
6115400;3251
6115700;4893
6115900;5273
6116100;9260
6116300;1524
6116400;2318
6116500;7886
6116700;6272
6117000;6363
6117400;2176
6118400;6015
6118600;5205
6118700;5461
6118800;227
6118900;6121
6119100;1894
6119200;9217
6119500;851
6119900;4916
6120100;6773
6120200;6970
6120400;2297
6121000;8970
6121100;3226
6121400;2207
6121500;3641
6121900;3007
6122900;5682
6123100;8621
6123600;1723
6124100;1191
6124400;1838
6124500;1853
6124600;8352
6124800;7389
6124900;1700
6125300;605
6125600;6178
6125800;8822
6126200;6092
6126300;501
6126500;1937
6126600;3597
6126700;5733
6127100;1816
6127200;5564
6127500;678
6127600;1832
6127800;4524
6128000;4307
6128200;145
6128300;6543
6128600;5465
6128900;5902
6129000;5426
6129400;8204
6129500;5228
6129600;7321
6129700;3872
6129900;6364
6130000;2865
6130400;7821
6130500;4607
6130600;4114
6130900;784
6131100;420
6131400;105
6131500;7075
6131800;639
6131900;5082
6132000;6264
6132300;8050
6132800;7361
6133000;6600
6133100;2183
6133300;5570
6133400;4057
6133800;3591
6133900;7993
6134300;1064
6134400;8451
6134500;2499
6134800;6480
6134900;7523
6135100;2856
6135200;3455
6135500;1504
6135600;5604
6135700;3385
6135800;4782
6136000;7054
6136100;1372
6136200;2790
6136300;7261
6136500;8152
6136900;5224
6137100;4484
6137200;3425
6137400;1377
6137500;6158
6137600;1790
6137700;4274
6138000;4426
6138200;6224
6138300;7456
6138500;8182
6138600;7237
6138900;9173
6139300;7795
6139800;9179
6139900;4814
6140400;1712
6140700;6657
6141000;1470
6141100;5475
6141200;5241
6141300;2651
6141500;481
6141900;3273
6142200;4316
6142600;8712
6143100;8860
6143500;2803
6144100;1424
6144200;4696
6144300;5256
6144800;4749
6144900;5172
6145500;231
6145600;22
6146100;1943
6146400;5401
6146800;4718
6147000;2114
6147200;8877
6148100;1907
6148300;685
6148500;2511
6148600;5200
6149000;7538
6150000;4765
6150100;5438
6150200;5469
6150400;1969
6150500;7268
6150900;4743
6151100;7001
6151300;3550
6151500;9088
6152200;8742
6153100;2538
6153300;1848
6153800;6897
6154000;4849
6154400;5099
6154500;4017
6154800;6722
6155100;2750
6155200;217
6156600;5035
6158100;621
6158600;4881
6159400;3268
6159500;5512
6160500;5899
6161100;1351
6161200;7097
6161900;932
6162700;4463
6162900;617
6163200;793
6164300;8465
6164700;5283
6165000;5315
6165100;1147
6166100;6868
6166300;1025
6166400;2365
6166700;2233
6167000;6697
6167100;6969
6167300;4134
6167900;7726
6168700;9090
6168800;374
6169600;3163
6170200;5863
6170500;6097
6170600;7033
6170900;2370
6171700;5090
6172000;7043
6172500;235
6172600;6644
6172700;77
6172800;3477
6173700;8297
6173800;5640
6173900;2847
6174100;6655
6174400;2011
6174500;1930
6174800;2239
6175300;9252
6176500;7058
6177100;925
6177300;3732
6177500;5869
6177600;3027
6178300;2864
6178600;5285
6179200;6945
6179400;7509
6180300;976
6180700;2665
6181100;6523
6182300;8498
6182400;2526
6182900;412
6183000;1058
6183200;2353
6183300;3124
6183500;3109
6183800;4327
6184900;7849
6185600;301
6185700;5848
6186000;7275
6186300;1163
6186500;6871
6186600;3581
6186700;7644
6187200;7790
6187400;7528
6187800;1516
6188000;9140
6188200;1819
6188400;459
6188800;8038
6189300;892
6190100;1057
6190600;376
6190700;6461
6191200;7149
6191500;6583
6191700;4403
6192000;8709
6192300;5662
6193300;4541
6193500;6379
6194400;8058
6194600;5327
6195200;8616
6195500;364
6195800;6804
6196300;2562
6196800;8828
6196900;7690
6198000;9254
6198500;3988
6198700;3003
6199200;6619
6199500;9065
6199700;1114
6199900;7860
6200200;2309
6200300;4658
6200400;1062
6201000;4394
6201600;1290
6202600;2938
6202800;1095
6202900;4951
6203100;6418
6203200;696
6203300;2201
6203800;7319
6204000;9211
6204100;2343
6204400;1521
6204600;813
6204800;842
6205000;4883
6205100;1807
6205200;8444
6205700;3327
6206900;7568
6207400;6790
6207800;812
6207900;7153
6209500;2396
6210400;545
6210600;3851
6210800;6175
6210900;7338
6211400;1217
6211900;4829
6212400;3553
6212600;204
6213500;7441
6213800;1659
6214400;5129
6214500;8753
6214800;5332
6216100;8256
6216200;3460
6216300;1420
6217500;7664
6218000;2805
6218200;5553
6219000;5331
6219100;1540
6219500;8331
6219600;5970
6220100;6544
6220600;2788
6220800;519
6221800;2421
6221900;5031
6222000;2950
6222100;6710
6222700;4018
6223400;9078
6223700;7449
6223900;5291
6224000;719
6224100;3487
6224500;3852
6225300;5103
6226300;543
6226400;2261
6226700;3344
6227300;4007
6228200;4612
6228300;1582
6228400;70
6229200;8247
6229400;1177
6230300;3504
6231400;4638
6233000;5985
6233100;168
6233900;4647
6234100;5897
6234300;8938
6234400;1260
6235100;4800
6235200;353
6235300;4087
6235600;9044
6235700;8786
6239100;2914
6239500;338
6239700;7132
6239800;3857
6240200;3933
6240600;8181
6241100;4455
6241500;5859
6241800;8497
6242900;3748
6243400;4178
6243500;4685
6244900;8112
6245500;4763
6246300;6879
6246900;9184
6247600;7963
6247900;4967
6248600;2016
6248800;6452
6249700;48
6250200;2819
6250600;5395
6251000;567
6251100;8218
6251500;5915
6251800;2311
6252300;7175
6252800;974
6252900;929
6253000;8225
6254200;6451
6254500;1543
6255300;6611
6255600;8913
6256800;5429
6257000;2190
